{
    "miniprogramRoot": "miniprogram/",
    "cloudfunctionRoot": "cloudfunctions/",
    "setting": {
        "urlCheck": true,
        "es6": true,
        "enhance": true,
        "postcss": true,
        "preloadBackgroundData": false,
        "minified": true,
        "newFeature": false,
        "coverView": true,
        "nodeModules": false,
        "autoAudits": false,
        "showShadowRootInWxmlPanel": true,
        "scopeDataCheck": false,
        "uglifyFileName": false,
        "checkInvalidKey": true,
        "checkSiteMap": true,
        "uploadWithSourceMap": true,
        "compileHotReLoad": false,
        "lazyloadPlaceholderEnable": false,
        "useMultiFrameRuntime": true,
        "useApiHook": true,
        "useApiHostProcess": true,
        "babelSetting": {
            "ignore": [],
            "disablePlugins": [],
            "outputPath": ""
        },
        "enableEngineNative": false,
        "useIsolateContext": false,
        "userConfirmedBundleSwitch": false,
        "packNpmManually": false,
        "packNpmRelationList": [],
        "minifyWXSS": true,
        "disableUseStrict": false,
        "showES6CompileOption": false,
        "useCompilerPlugins": false,
        "minifyWXML": true
    },
    "appid": "wx67b30574e48b7ca9",
    "projectname": "%E8%81%8A%E5%A4%A7%E7%A4%BE%E5%8C%BA",
    "libVersion": "2.15.0",
    "condition": {
        "plugin": {
            "list": []
        },
        "game": {
            "list": []
        },
        "gamePlugin": {
            "list": []
        },
        "miniprogram": {
            "list": [
                {
                    "id": -1,
                    "name": "db guide",
                    "pathName": "pages/databaseGuide/databaseGuide",
                    "query": ""
                },
                {
                    "name": "板块内",
                    "pathName": "pages\\plate1\\plate1",
                    "query": "",
                    "scene": null
                },
                {
                    "name": "pages/tuijian/tuijian",
                    "pathName": "pages/tuijian/tuijian",
                    "query": "",
                    "scene": null
                },
                {
                    "name": "pages/post/post",
                    "pathName": "pages/post/post",
                    "query": "",
                    "scene": null
                },
                {
                    "name": "pages/tuijian/tuijian",
                    "pathName": "pages/tuijian/tuijian",
                    "query": "",
                    "scene": null
                },
                {
                    "name": "pages/tuijian/detail/detail",
                    "pathName": "pages/tuijian/detail/detail",
                    "query": "",
                    "scene": null
                },
                {
                    "name": "pages/tuijian/tuijian",
                    "pathName": "pages/tuijian/tuijian",
                    "query": "",
                    "scene": null
                },
                {
                    "name": "pages/message/xiaoxi/xiaoxi",
                    "pathName": "pages/message/xiaoxi/xiaoxi",
                    "query": "",
                    "scene": null
                },
                {
                    "name": "pages/message/shouquan/shouquan",
                    "pathName": "pages/message/shouquan/shouquan",
                    "query": "allow=false",
                    "scene": null
                },
                {
                    "name": "pages/message/shouquan/shouquan",
                    "pathName": "pages/message/shouquan/shouquan",
                    "query": "allow=true",
                    "scene": null
                }
            ]
        }
    }
}